block,n_inaudible,n,percent_inaudible
exposure_test,941,9600,9.802083333333334
test,248,26878,0.9226876999776769
