variety_exposure,N,mean_eng_proficiency,sd_eng_proficiency,min_eng_proficiency,max_eng_proficiency,mean_age,sd_age,min_age,max_age,female_count,male_count,other_count,multilingual_count,multilingual_proficiency_mean,multilingual_proficiency_sd,multilingual_proficiency_min,multilingual_proficiency_max
variety_match,80,4.7375,0.724678016672302,1,5,32.3,10.991826652770547,18,64,38,40,2,32,2.066666666666667,1.3386898055487784,1,5
variety_mismatch,80,4.9375,0.29094999352840206,3,5,31.0126582278481,9.006398965758303,19,75,45,33,2,32,2.435483870967742,1.3981365554209797,1,5
variety_mismatch_social,80,4.8375,0.6833230420136843,1,5,32.32911392405063,11.801479176072174,18,63,54,26,0,34,2.018181818181818,1.2544868965985152,1,5
dialect_literacy,80,4.9125,0.36261183346955445,3,5,33.68354430379747,12.859740699819797,18,67,48,32,0,48,2.164705882352941,1.1531226633583698,1,5
