variety_exposure,N,mean_eng_proficiency,sd_eng_proficiency,min_eng_proficiency,max_eng_proficiency,mean_age,sd_age,min_age,max_age,female_count,male_count,other_count
variety_match,80,3.592857142857143,1.678884644193806,1,5,32.09285714285714,11.638373905906684,18,64,38,40,2
variety_mismatch,80,3.8450704225352115,1.5633015374946544,1,5,30.319148936170212,8.636566074327863,19,75,45,33,2
variety_mismatch_social,80,3.688888888888889,1.6860563660956707,1,5,32.365671641791046,12.850523552001418,18,63,54,26,NA
dialect_literacy,80,3.5060240963855422,1.6246099315586113,1,5,33.27777777777778,12.354117678024783,18,67,48,32,NA
