variety_exposure,N,mean_eng_proficiency,sd_eng_proficiency,min_eng_proficiency,max_eng_proficiency,mean_age,sd_age,min_age,max_age,female_count,male_count,other_count
variety_match,80,4.7375,0.724678016672302,1,5,32.3,10.991826652770547,18,64,38,40,2
variety_mismatch,80,4.9375,0.29094999352840206,3,5,31.0126582278481,9.006398965758303,19,75,45,33,2
variety_mismatch_social,80,4.8375,0.6833230420136843,1,5,32.32911392405063,11.801479176072174,18,63,54,26,0
dialect_literacy,80,4.91358024691358,0.3604695155001852,3,5,33.6125,12.793880805914574,18,67,48,32,0
