mean_minutes,sd_minutes,min_minutes,max_minutes
110.123899371069,36.94383035607127,38.85,300.516666666667
